codename,hex_id,enigmatic_email,secret_phrase,lucky_number,galactic_coordinate
Agent-92BG,178f2404f2b4dabd,bishop-drake4126@mysticmail.org,Proactive bifurcated support,76760,"86.041141,-67.449396"
Agent-79As,cd3425021ea6284c,reyes-williams3869@mysticmail.org,Persistent 24hour initiative,27295,"56.602591,-74.543501"
Agent-63dg,863f03596d4ccef3,freeman4387@mysticmail.org,Distributed multimedia solution,48853,"82.075296,-40.260872"
Agent-95me,ae0c2b7a8a5dae94,powers-brown3733@mysticmail.org,Diverse local strategy,30438,"97.965311,-52.043952"
Agent-72zM,a43589cf2d289d11,watson-yu5105@mysticmail.org,Synergistic bifurcated analyzer,51410,"-123.694514,-2.611065"
Agent-77NT,7be4686bbf0f11f3,golden3590@mysticmail.org,Universal secondary secured line,10889,"81.962755,-62.252304"
Agent-25eC,d55cbcb0e9676f80,roberts-wheeler8184@mysticmail.org,Virtual bottom-line knowledge user,75467,"-59.849081,-24.290620"
Agent-16GW,199c437aab6832e8,simpson-guerra7291@mysticmail.org,Optimized clear-thinking ability,5235,"-112.971478,-9.099109"
Agent-79Hq,5fb9846bc1bf6fe0,shaw7651@mysticmail.org,Integrated optimizing capacity,4976,"-37.026033,58.657711"
Agent-18Id,aa19e037834c5f63,miller4735@mysticmail.org,Organic zero-defect orchestration,88790,"87.299853,-56.097126"
Agent-67Wi,1f89aa4cc400417e,barrera6664@mysticmail.org,Adaptive context-sensitive frame,76625,"91.759754,-3.307754"
Agent-36oA,11fe6ff3ae1d1b38,james1993@mysticmail.org,Multi-tiered leadingedge instruction set,67931,"-27.589726,77.485016"
Agent-29oy,f4ca610d6dc04ddf,morris5562@mysticmail.org,Profound multi-state encryption,26466,"-58.074632,-22.749055"
Agent-54QN,7c3e10b4c10b23ca,crane8748@mysticmail.org,Polarized client-driven architecture,57303,"129.032528,30.203666"
Agent-68kE,89c4ccdf750691ed,marshall6183@mysticmail.org,Managed upward-trending alliance,1557,"-94.837175,-53.584651"
Agent-83Jy,689aa8dc9e8f5be8,ward-evans4975@mysticmail.org,Fundamental non-volatile service-desk,93984,"153.412165,69.611138"
Agent-54jP,c4772427c66f0613,morgan5426@mysticmail.org,Phased tertiary website,42847,"-123.813506,67.794586"
Agent-49Yw,77cedcb01a3da5e9,rodriguez2517@mysticmail.org,Enhanced 24/7 budgetary management,21865,"-8.086987,8.871315"
Agent-27bq,f04b8f18d991d632,porter-joseph1479@mysticmail.org,Monitored optimal moratorium,82925,"-139.828120,-8.334202"
Agent-59fD,b47a7a7e604416a7,turner9457@mysticmail.org,Face-to-face human-resource core,75404,"166.720821,-46.139952"
Agent-16oY,de80b4d58c8b7495,castro-lee7947@mysticmail.org,Cross-group intangible protocol,88464,"-131.484265,-19.033952"
Agent-21eg,9621789382a2f762,shelton-simmons7086@mysticmail.org,Pre-emptive tangible complexity,63555,"-134.338725,20.392011"
Agent-97zq,6c3cce7b24665aa6,hill-howell7198@mysticmail.org,Synergistic non-volatile analyzer,85366,"-166.912300,-86.774609"
Agent-92Wk,93202a61cde10f1e,roberts6520@mysticmail.org,Organic neutral hardware,1942,"-1.589144,3.105264"
Agent-89jA,e458f94562f37a08,ross-west9367@mysticmail.org,Reduced needs-based Graphical User Interface,69522,"-160.670021,-82.079117"
Agent-89jt,7a43865e9b9e12c9,johnson7510@mysticmail.org,Centralized coherent hierarchy,51481,"-43.837357,23.081870"
Agent-19dc,c05bf3662ba705eb,schaefer-davis1813@mysticmail.org,Streamlined leadingedge conglomeration,73721,"-91.277681,-65.042526"
Agent-61dy,732e1b17a85bc33a,collins4437@mysticmail.org,Future-proofed local Graphic Interface,37723,"-119.238399,35.018368"
Agent-94sV,6de07087614fedc1,avila-klein4857@mysticmail.org,Integrated intangible task-force,66726,"-140.599950,71.515643"
Agent-31CP,548b099a859c062c,lawrence4836@mysticmail.org,Persistent asynchronous encryption,981,"56.937820,75.622281"
Agent-83Ud,98404a350a602697,dillon-williams6797@mysticmail.org,Universal exuding methodology,68809,"-56.326305,73.706471"
Agent-01Vs,9a284a5855c75adb,hardin9459@mysticmail.org,Up-sized secondary monitoring,61849,"113.371220,38.024998"
Agent-33XU,6ed28e620e57d3d8,bennett6159@mysticmail.org,Automated directional data-warehouse,77574,"117.532949,45.748071"
Agent-76lB,0bf8b9068889a6ef,yu-brown3954@mysticmail.org,Optional value-added collaboration,95291,"68.076994,-88.437625"
Agent-53vI,86137bf5d45e68fe,martin3517@mysticmail.org,Re-contextualized systematic flexibility,71004,"-173.937135,-64.936689"
Agent-77CY,14393ed9b193a27c,harris8692@mysticmail.org,Ergonomic coherent alliance,98337,"-155.621847,8.979845"
Agent-75rh,a30259b8cd036696,patrick7613@mysticmail.org,Persistent 4thgeneration process improvement,69546,"169.080850,-18.859438"
Agent-14Ex,d615a2d9a81b07af,hernandez5077@mysticmail.org,Reactive executive open architecture,95440,"61.667465,23.976477"
Agent-27Rc,91541dc4d3d641b1,fox-mason8173@mysticmail.org,Expanded directional attitude,72646,"-65.386460,-20.307610"
Agent-60Ls,fb42cff8e37119a6,jones1098@mysticmail.org,Front-line value-added encoding,46573,"99.241727,-19.305101"
Agent-62TQ,2ca5c03f982e21ce,perez4111@mysticmail.org,Configurable 3rdgeneration algorithm,6675,"-127.680849,12.346533"
Agent-67XX,3b7d81b1bc15d5a8,cervantes5266@mysticmail.org,Grass-roots attitude-oriented data-warehouse,42851,"-30.369458,-35.052336"
Agent-72Uy,4bb0a160a606ee85,zuniga3429@mysticmail.org,Reactive high-level framework,58543,"-34.088477,-0.554994"
Agent-84vI,9cdc9778d64271ad,krause3244@mysticmail.org,Fully-configurable systematic definition,30839,"8.476087,-72.750800"
Agent-53jk,6d459dff1998decc,smith-wilson2485@mysticmail.org,Networked human-resource Graphical User Interface,14046,"119.113430,5.288442"
Agent-42pU,88cbea2925d8cf18,hooper9368@mysticmail.org,Digitized next generation productivity,1770,"-65.412102,47.341869"
Agent-98kM,4f7081d3cd5b55c7,powers8233@mysticmail.org,Inverse fresh-thinking protocol,71341,"133.476234,-50.290170"
Agent-00SG,ed44248b9fbf896a,wright5266@mysticmail.org,Horizontal reciprocal analyzer,8287,"77.860926,-85.709102"
Agent-28uX,d2c730ac41b78ec5,olson-smith5610@mysticmail.org,Progressive regional moratorium,12032,"-78.125622,-66.477151"
Agent-38ww,28fb3153a8557561,burnett5689@mysticmail.org,Multi-tiered foreground architecture,19869,"-47.462371,68.294862"
